<?xml version="1.0" encoding="UTF-8"?>
<project-private xmlns="http://www.netbeans.org/ns/project-private/1">
    <editor-bookmarks xmlns="http://www.netbeans.org/ns/editor-bookmarks/2" lastBookmarkId="0"/>
    <open-files xmlns="http://www.netbeans.org/ns/projectui-open-files/2">
        <group>
            <file>file:/C:/Users/Evan/Documents/College/OOP/Barry%20+%20Evan's%20+%20Caoimhe's%20code/Barry%20Evan/Merged%20Project%20Code/Project/src/project/LcChemQuiz.java</file>
            <file>file:/C:/Users/Evan/Documents/College/OOP/Barry%20+%20Evan's%20+%20Caoimhe's%20code/Barry%20Evan/Merged%20Project%20Code/Project/src/project/LcChemExp.java</file>
            <file>file:/C:/Users/Evan/Documents/College/OOP/Barry%20+%20Evan's%20+%20Caoimhe's%20code/Barry%20Evan/Merged%20Project%20Code/Project/src/project/BioQuiz.java</file>
            <file>file:/C:/Users/Evan/Documents/College/OOP/Barry%20+%20Evan's%20+%20Caoimhe's%20code/Barry%20Evan/Merged%20Project%20Code/Project/src/project/LcPhyQuizHL.java</file>
            <file>file:/C:/Users/Evan/Documents/College/OOP/Barry%20+%20Evan's%20+%20Caoimhe's%20code/Barry%20Evan/Merged%20Project%20Code/Project/src/project/BioQuizGUI.java</file>
        </group>
    </open-files>
</project-private>
