<?xml version="1.0"?>
<rss version="2.0">
	<channel>
		<title>WebSite RSS feed</title>
		<link>#</link>
		<item>
			<title>
				Five highlights from Web Summit workshops
			</title>
			<link>https://blog.websummit.net/five-highlights-from-web-summit-workshops/</link>
			<image>../images/websumitimg.jpg</image>
			<description>this is a small description of the content </description>
		</item>
		<item>
			<title>
				Five highlights from Web Summit workshops 2
			</title>
			<link>https://blog.websummit.net/five-highlights-from-web-summit-workshops/</link>
			<image>../images/websumitimg.jpg</image>
			<description>
				this is a small description of the content 2
			</description>
		</item>
		<item>
			<title>
				Five highlights from Web Summit workshops 3
			</title>
			<link>https://blog.websummit.net/five-highlights-from-web-summit-workshops/</link>
			<image>../images/websumitimg.jpg</image>
			<description>
				this is a small description of the content 3
			</description>
		</item>
	</channel>
<item><name>larry escaped</name><day/><staffID/><jobRole>bubbles look a like escaped</jobRole></item></rss>
<!--the website that helped me create this feed is: http://www.xul.fr/en-xml-rss.html-->
