<?xml version="1.0" encoding="UTF-8" standalone="no"?>

<?xml-stylesheet href="../tuesTimetable.xsl" type="text/xsl"?>
<!-- 

           *** We will populate the elements with the following data ******
           
              - Start, end time of talkgit add 
              - A description of what the talk is about
              - Speaker name,image, info, and detailed info of speaker
             

-->

<timetable>
   
      <datastage>
          <wednesday>
                  <morning>
                     <talk>
                        <time>
                            <start>9:55</start>
                         
                        </time>
                        
                         <details>
                             <title>Data Summit opening remarks</title>
                             <description>
                                 Opening remarks
                             </description>
                         </details>
                       
                        
                        <speaker>
                            <name>Eamon Leonard</name>
                            <image>https://www.filepicker.io/api/file/9tZ1VzcYQeKeZrAQSr9D</image>
                            <info>Founder, Cohort</info>
                        </speaker>
                        
                           <speaker id="2">
                            <name>PJ Hagerty</name>
                            <image>https://www.filepicker.io/api/file/I0mBFJ3QP69ebIxt8Ohb</image>
                            <description>Developer Evangelist,at Jut, Inc.</description>
                            
                        </speaker>
                        
                    </talk>
                    
                     <talk>
                        <time>
                            <start>11:10am</start>
                            
                        </time>
                        
                         <details>
                             <title>Network Intelligence</title>
                             <description>
                                 The LinkedIn Economic Graph provides a high-resolution picture of the global economy
                             </description>
                         </details>
                       
                        
                        <speaker>
                            <name>Michael Conover</name>
                            <image>https://s3.amazonaws.com/bouncer-prod/attendees/513401/medium/513401?1444823464</image>
                            <info>Staff Data Scientist, LinkedIn</info>
                        </speaker>
                        
                          
                    </talk>    
                        
                      
                
                   </morning>
          
                   <afternoon>
                      <talk>  
                        <time>
                            <start>12:00pm</start>
                        </time>
                        
                        <details>
                             <title>Data products: 5 deadly sins and how to prevent them</title>
                             <description>
                                 Some of the most critical tendencies Data Product teams might encounter and call to actions to prevent them.
                             </description>
                        </details>
                        
                        <speaker>
                            <name>Mathieu Bastian</name>
                            <image>https://s3.amazonaws.com/bouncer-prod/attendees/513402/medium/513402?1444823322</image>
                            <info>Co-Founder, Gephi</info>
                            
                        </speaker>
                        
                      </talk>
           
           
                    </afternoon>
          
         </wednesday>
         
         
        
       
    </datastage>

    <machinestage>
        <tuesday>
              
                <morning>
                    <talk>
                      <time>
                          <start>10:25am</start>
                         
                      </time>
                      
                      <details>
                          <title>Machine Summit opening remarks</title>
                           <description>
                               Opening remarks
                           </description>
                      </details>
                      
                      <speaker>
                          <name>Tia Kansara</name>
                          <image>https://s3.amazonaws.com/bouncer-prod/attendees/515459/medium/515459?1444823502</image>
                          <info>Director, Kansara Hackney Ltd</info>
                          
                      </speaker>
                    </talk>
                    
                    <talk>
                      <time>
                          <start>10:50am</start>
                          
                      </time>
                      
                      <details>
                          <title>A smart city is only as smart as the data it uses</title>
                           <description>
                               n this keynote, Gary Bloom, CEO of MarkLogic explains how governments
                           </description>
                      </details>
                      
                      <speaker>
                          <name>Gary Bloom</name>
                          <image>https://s3.amazonaws.com/bouncer-prod/attendees/513475/medium/513475?1444824154</image>
                          <info>Chief Executive Officer and President, MarkLogic</info>
                          
                      </speaker>
                    </talk>
              
              
                 </morning>
        
                 <afternoon>  
                    <talk>
                      <time>
                          <start>12:00pm</start>
                          
                      </time>
                      
                      <details>
                          <title> Augmented reality: the next industrial revolution</title>
                           <description>
                             In a fireside chat, Matt Kammerait, VP of Product for Daqri and Paul Davies of Boeing explains how the pairing augmented reality wearables with the real time data of the industrial internet of things are poised to revolutionize the Future of Work.
                           </description>
                      </details>
                      
                      <speaker>
                          <name>Matt Kammerait</name>
                          <image>https://www.filepicker.io/api/file/vSy8wPpkTxKWz8TvCivg</image>
                          <info>VP of Innovation, DAQRI International</info>
                          
                      </speaker>
                      
                       <speaker id="2">
                          <name>Paul Davies</name>
                          <image>https://s3.amazonaws.com/bouncer-prod/attendees/531865/medium/531865?1445270396</image>
                          <info>Augmented Reality Technologist, Boeing</info>
                          
                      </speaker>
                      
                      </talk>
         
         
                  </afternoon>
        
       </tuesday>
       
       
       <wednesday>
                <morning>
                    <talk>
                      <time>
                          <start>9:58am</start>
                          
                      </time>
                      
                      <details>
                           <title>Machine Summit opening remarks</title>
                           <description>
                               Opening remarks by a very special guest, Pepper the robot.
                           </description>
                      </details>
                      
                      <speaker>
                          <name>Pepper</name>
                          <image>https://www.filepicker.io/api/file/MNJu9weTnudsnHzlYNMd</image>
                          <info>The Robot, Aldebaran Robotics</info>
                          
                      </speaker>
                    
                    </talk>
                    
                    <talk>
                      <time>
                          <start>10:50am</start>
                         
                      </time>
                      
                      <details>
                           <title>Artificial Intelligence: bridging the trust gap</title>
                           <description>
                               Despite advances in artificial intelligence over the last three decades, suspicions and distrust abound
                           </description>
                      </details>
                      
                      <speaker>
                          <name>Marc Carrel-Billiard</name>
                          <image>https://www.filepicker.io/api/file/Jc2ayYfESCzkUNHNvqAr</image>
                          <info>Global Head of Technology, Accenture</info>
                          
                      </speaker>
                    
                    </talk>
                 </morning>
        
                 <afternoon> 
                     <talk>
                      <time>
                         <start>12:00pm</start>
                          
                      </time>
                      
                      <details>
                           <title>Rise of the social robots</title>
                           <description>
                               As we discover the endless possibilities robots and machine learning can have in society, when it comes to healthcare, automation and the workplace, we also need to learn to adapt to new risks and embrace new responsibilities.
                           </description>
                      </details>
                      
                      <speaker>
                          <name>Erica Young</name>
                          <image>https://s3.amazonaws.com/bouncer-prod/attendees/515210/medium/515210?1444823146</image>
                          <info>Advisor, Insight Robotics</info>
                          
                      </speaker>
                       
                      
                      
                    </talk>
         
                  </afternoon>
        
       </wednesday>
       
       <thursday>
       
       
            
                <morning>
                    <talk>
                      <time>
                          <start>10:25pm</start>
                         
                      </time>
                      
                      <details>
                           <title>Machine Summit opening remarks</title>
                           <description>
                               Opening remarks from Caroline O'Driscoll, Partner at KPMG Ireland.
                           </description>
                      </details>
                      
                      <speaker>
                          <name>Caroline O'Driscoll</name>
                          <image>https://www.filepicker.io/api/file/TmneUQnuTpuxQQgAKWbd</image>
                          <info>Partner, KPMG</info>
                          
                      </speaker>
                    
                     </talk>
                     
                      <talk>
                      <time>
                          <start>10:30am</start>
                         
                      </time>
                      
                      <details>
                           <title>Era of exponentialism: coming of age of artificial intelligence</title>
                           <description>
                               Advances in A.I will usher in new waves of business disruption. Paul Daugherty,
                           </description>
                      </details>
                      
                      <speaker>
                          <name>Paul Daugherty</name>
                          <image>https://s3.amazonaws.com/bouncer-prod/attendees/513363/medium/513363?1444823604</image>
                          <info>CTO, Accenture</info>
                          
                      </speaker>
                    
                     </talk>
                 </morning>
        
                 <afternoon> 
                   <talk>
                      <time>
                          <start>1:00pm</start>
                          
                      </time>
                      
                      <details>
                           <title>Do you have the right skills to scale?</title>
                           <description>
                               Nate Walkingshaw is the Chief Product Officer of Pluralsight, a growth tech company focused on democratizing technology learning. In his talk he will share four stories on how you can develop products to scale that people love.
                           </description>
                      </details>
                      
                      <speaker>
                          <name>Nate Walkingshaw</name>
                          <image>https://s3.amazonaws.com/bouncer-prod/attendees/516044/medium/516044?1444823239</image>
                          <info>Chief Product Officer , Pluralsight</info>
                      </speaker>
         
                     </talk>
                  </afternoon>
        
       </thursday>
       
       
       
    </machinestage>
    
    
    <codestage>
         <thursday>
                  <morning>
                      <talk>
                        <time>
                            <start>10:00</start>
                            
                        </time>
                        
                        <details>
                             <description>
                                 JavaScript is eating the world
                             </description>
                        </details>
                        
                        <speaker>
                            <name>Kevin Lacker</name>
                            <image>https://s3.amazonaws.com/bouncer-prod/attendees/513420/medium/513420?1444823209</image>
                            <info>Co-Founder and CTO at Parse</info>
                            
                        </speaker>
                      
                       </talk>
                       
                       <talk>
                            <time>
                                <start>10:25am</start>
                                
                            </time>
                            
                            <details>
                                 <title> Remember to breathe</title>
                                 <description>
                                    Stories from a fast-paced futurist
                                 </description>
                            </details>
                            
                            <speaker>
                                <name>Jeff Pulver</name>
                                <image>https://s3.amazonaws.com/bouncer-prod/attendees/513457/medium/513457?1444824031</image>
                                <info>Co-Founder, Vonage/Zula</info>
                                
                            </speaker>
                          
                           </talk>
                   </morning>
          
                 <afternoon> 
                   <talk>
                        <time>
                            <start>12:15</start>
                            
                        </time>
                        
                        <details>
                             <title></title>
                             <description>
                                 Application ops Ladder
                             </description>
                        </details>
                        
                        <speaker>
                            <name>Bryan Liles</name>
                            <image>https://s3.amazonaws.com/bouncer-prod/attendees/513519/medium/513519?1444824009</image>
                            <info>Cloud Engineer at Digital Ocean</info>
                        </speaker>
                    </talk>
                </afternoon>
         </thursday>
    </codestage>
    
    
    <healthtechstage>
         <thursday>
                  <morning>
                      <talk>
                        <time>
                            <start>10:00</start>
                            
                        </time>
                        
                        <details>
                            <title>HealthTech Summit opening remarks</title>
                             <description>
                                 Opening Remarks
                             </description>
                        </details>
                        
                        <speaker>
                            <name>Dr. Nina Byrnes</name>
                            <image>https://www.filepicker.io/api/file/XcUUe0qVS1WLXTU7RtvY</image>
                            <info>Founder and Principal GP at Generation Health and MyGlobalERx.com</info>
                            
                        </speaker>
                      
                      </talk>
                      
                   
                      <talk>
                        <time>
                            <start>10:05am</start>
                            
                        </time>
                        
                        <details>
                            <title>Is deafness curable</title>
                             <description>
                                Cochlear surgeon Dr Robert Labadie presents discoveries in cochlear implants 
                             </description>
                        </details>
                        
                        <speaker>
                            <name>Dr. Robert Labadie</name>
                            <image>https://s3.amazonaws.com/bouncer-prod/attendees/521986/medium/521986?1444824617</image>
                            <info>rofessor, Vice-Chair of Research; Dept of Otolaryngology</info>
                            
                        </speaker>
                      
                      </talk>
                   </morning>
          
                   <afternoon> 
                      <talk>
                        <time>
                            <start>12:00</start>
                            
                        </time>
                        
                        <details>
                             <description>
                               Why the future of healthcare is cognitive
                             </description>
                        </details>
                        
                        <speaker>
                            <name>Williams Evans</name>
                            <image>https://s3.amazonaws.com/bouncer-prod/attendees/520029/medium/520029?1444824432</image>
                            <info>CMO IBM Watson Health at IBM</info>
                        </speaker>
                     </talk>
                    </afternoon>
         </thursday>
    </healthtechstage>
    
     <musicstage>
         <wednesday>
                  <morning>
                      <talk>
                        <time>
                            <start>10:20</start>
                        </time>
                        
                        <details>
                             <description>
                                 Adventures in Music Discovery
                             </description>
                        </details>
                        
                        <speaker>
                            <name>Matthew Ogle</name>
                            <image>https://www.filepicker.io/api/file/P8umgZHlRpCvw8zU6urW</image>
                            <info>Sr Product Owner, What To Play at spotify</info>
                            
                        </speaker>
                        </talk>
                        
                        <talk>
                        <time>
                            <start>11:20am</start>
                        </time>
                        
                        <details>
                            <title>Classical music in a digital age</title>
                             <description>
                               How classical music can be relevant in a digital age.
                             </description>
                        </details>
                        
                        <speaker>
                            <name>Simon Taylor</name>
                            <image>https://s3.amazonaws.com/bouncer-prod/attendees/525038/medium/525038?1444823517</image>
                            <info>CEO, National Concert Hall</info>
                            
                        </speaker>
                        </talk>
                      
                      
                
                   </morning>
          
                   <afternoon>  
                   <talk>
                        <time>
                            <start>12:00</start>
                            
                        </time>
                        
                        <details>
                             <description>
                                 Are records labels Still
                             </description>
                        </details>
                        
                        <speaker id="1">
                            <name>Cliff Chenfeld</name>
                            <image>https://s3.amazonaws.com/bouncer-prod/attendees/517208/medium/517208?1444823456</image>
                            <info>Owner at Razor and tie</info>
                        </speaker>
                        
                        </talk>
                    </afternoon>
         </wednesday>
    </musicstage>
    
    <designstage>
        <tuesday>
                  <morning>
                      <talk>
                        <time>
                            <start>9:55am</start>
                            
                        </time>
                        
                        <details>
                            <title>Design Summit opening remarks</title>
                             <description>
                                Opening remarks
                             </description>
                        </details>
                        
                        <speaker>
                            <name>Jeffrey Veen</name>
                            <image>https://s3.amazonaws.com/bouncer-prod/attendees/513449/medium/513449?1444823609</image>
                            <info>Design Partner, True Ventures</info>
                            
                        </speaker>
                      </talk>
                      
                        <talk>
                        <time>
                            <start>10:00am</start>
                                                   </time>
                        
                       <details>
                             <title>Mother's home cooking</title>
                             <description>
                                 Why does a financial services institution need a Chief Data Officer (CDO)? JP Rangaswami CDO of Deutsche Bank will illustrate how knowing data is helping financial firms respond to numerous critical and complex market and regulatory demands
                             </description>
                       </details>
                        
                        <speaker>
                            <name>JP Rangaswami</name>
                            <image>https://s3.amazonaws.com/bouncer-prod/attendees/513434/medium/513434?1444823631</image>
                            <info>Chief Data Officer, Deutsche Bank</info>
                        </speaker>
                      </talk>
                      
                      <talk>
                        <time>
                            <start>11:30</start>
                            
                        </time>
                        
                      <details>
                            <name>Monetizing Social</name>
                             <description>
                                 AdAs part of one of the most engaging platforms on the Internet, Tim Kendall has monetized Pinterest in new and interesting ways including by launching Buyable Pins in June. He will discuss in a little more detail the company's commerce plans.
                             </description>
                        </details>
                        
                        <speaker>
                            <name>Tim Kendall</name>
                            <image>https://s3.amazonaws.com/bouncer-prod/attendees/515039/medium/515039?1444823333</image>
                            <info>General Manager at Pintrest</info>
                            
                        
                            
                        </speaker>
                      </talk>
                
                   </morning>
          
                   <afternoon>  
                   <talk>
                        <time>
                            <start>12:00</start>
                            
                        </time>
                        
                        <details>
                             <title>Culture crafting - how designers reimagine and define your future</title>
                             <description>
                                 Society has become obsessed with cool tech products, and Design has become the single most powerful economic driver. How are designers creating these winning solutions that are meaningful to you, while advancing culture at large?
                             </description>
                        </details>
                        
                        <speaker>
                            <name>Dan Harden</name>
                            <image>https://www.filepicker.io/api/file/MtmhaZqQZ6XWLnKKSnGg</image>
                            <info>President, CEO and Principal Designer, Whipsaw, Inc.</info>
                        </speaker>
                        </talk>
                    </afternoon>
         </tuesday>
        
        
        
    </designstage>
    
    <moneystage>
        <thursday>
                  <morning>
                      <talk>
                        <time>
                            <start>10:00am</start>
                                                   </time>
                        
                       <details>
                             <title>Mother's home cooking</title>
                             <description>
                                 Why does a financial services institution need a Chief Data Officer (CDO)? JP Rangaswami CDO of Deutsche Bank will illustrate how knowing data is helping financial firms respond to numerous critical and complex market and regulatory demands
                             </description>
                       </details>
                        
                        <speaker>
                            <name>JP Rangaswami</name>
                            <image>https://s3.amazonaws.com/bouncer-prod/attendees/513434/medium/513434?1444823631</image>
                            <info>Chief Data Officer, Deutsche Bank</info>
                        </speaker>
                      </talk>
                      
                      <talk>
                        <time>
                            <start>11:30</start>
                            
                        </time>
                        
                      <details>
                            <name>Monetizing Social</name>
                             <description>
                                 AdAs part of one of the most engaging platforms on the Internet, Tim Kendall has monetized Pinterest in new and interesting ways including by launching Buyable Pins in June. He will discuss in a little more detail the company's commerce plans.
                             </description>
                        </details>
                        
                        <speaker id="1">
                            <name>Tim Kendall</name>
                            <image>https://s3.amazonaws.com/bouncer-prod/attendees/515039/medium/515039?1444823333</image>
                            <info>General Manager at Pintrest</info>
                            
                        
                            
                        </speaker>
                      </talk>
                
                   </morning>
          
                   <afternoon>  
                   
                   <talk>
                        <time>
                            <start>12:00</start>
                            
                        </time>
                        
                        <details>
                             <title>Fintech 2.0</title>
                             <description>
                               Beyond the disruption we've seen in payments, lending and investments, what are the next trillion-dollar opportunities in financial services that are ripe for ambitious entrepreneurs and co-founders to exploit?
                             </description>
                    </details>
                        
                        <speaker>
                            <name>Victor Matarranz</name>
                            <image>https://s3.amazonaws.com/bouncer-prod/attendees/526412/medium/526412?1444823407</image>
                            <info>SVP and Head of Group Strategy, Santander</info>
                        </speaker>
                        
                        </talk>
                        
                    </afternoon>
         </thursday>
        
        
        
    </moneystage>
    <marketingstage>
        <tuesday>
            <morning>
                
                <talk>
                        <time>
                            <start>10:00</start>
                            
                        </time>
                        
                       <details>
                            <title>Making technology influence people</title>
                             <description>
                                 Modern marketers and brands have had to embrace technology in order to stay relevant. Is it always a case of 'failing better"? Or have we reached a new level of customer engagement that has changed the game in terms of brand messaging?
                             </description>
                       </details>
                        
                        <speaker>
                            <name>Jason Musante</name>
                            <image>https://s3.amazonaws.com/bouncer-prod/attendees/521416/medium/521416?1444824511</image>
                            <info>Group ECD/Managing Director at havas Worldwide</info>
                            
                        </speaker>
                      </talk>
                <talk>
                        <time>
                            <start>10:00</start>
                            
                        </time>
                        
                        <details>
                             <name>Advertising state of the nation</name>
                             <description>
                                 There are few more accomplished figures in the world of advertising than Harris Diamond. In this fireside with Jim Edwards of Business Insider, he will address the underlying issues affecting advertising in 2015....
                             </description>
                        </details>
                        </talk>
                   </morning>
          
                   <afternoon>  
                   
                   <talk>
                        <time>
                            <start>12:05</start>
                            
                        </time>
                        
                        <details>
                      
                            <name>The Real Life math man</name>
                             <description>
                                 What does market research in the age of big data? The real life math man Eric Salama will illuminate in conversation with Greg Williams of Wired
                             </description>
                       </details>
                        
                        <speaker id="1">
                            <name>Eric Salama</name>
                            <image>https://s3.amazonaws.com/bouncer-prod/attendees/516536/medium/516536?1444824557</image>
                            <info>CEO at kantar</info>
                        </speaker>
                        <speaker id="2">
                            <name>Greg Williams</name>
                            <image>https://www.filepicker.io/api/file/6mhzjrXRAaLUMTrFMYOa</image>
                            <info>at WIRED Magazines</info>
                        </speaker>
                    </talk>
                        
                    </afternoon>
        </tuesday>
        <wednesday>
            <morning>
                   <talk>
                        <time>
                            <start>10:00</start>
                            
                        </time>
                        
                      <details>
                            <title>Monetizing Social</title>
                             <description>
                                 AdAs part of one of the most engaging platforms on the Internet, Tim Kendall has monetized Pinterest in new and interesting ways including by launching Buyable Pins in June. He will discuss in a little more detail the company's commerce plans.
                             </description>
                        </details>
                        
                        <speaker id="1">
                            <name>Tim Kendall</name>
                            <image>https://s3.amazonaws.com/bouncer-prod/attendees/515039/medium/515039?1444823333</image>
                            <info>General Manager at Pintrest</info>
                            
                        </speaker>
                        
                      </talk>
                      
                      <talk>
                        <time>
                            <start>10:00</start>
                            
                        </time>
                        
                        <details>
                             <title>Advertising state of the nation</title>
                             <description>
                                 There are few more accomplished figures in the world of advertising than Harris Diamond. In this fireside with Jim Edwards of Business Insider, he will address the underlying issues affecting advertising in 2015....
                             </description>
                        </details>
                     </talk>
             </morning>
          
              <afternoon>  
                   
                   <talk>
                        <time>
                            <start>12:10</start>
                            
                        </time>
                        
                        <details>
                            <title>Resist and trive</title>
                             <description>
                                 Avoiding the pressure to optimize for profit seems impossible in 2015. Yancey Strickler of Kickstarter will outline the path to independence and real value, not just valuation.
                             </description>
                        </details>
                        
                        <speaker>
                            <name>Yancey Strickler</name>
                            <image>https://s3.amazonaws.com/bouncer-prod/attendees/513290/medium/513290?1444823711</image>
                            <info>Co-Founder at Kickstarter</info>
                        </speaker>
                        </talk>
                        
                </afternoon>
        </wednesday>
         <thursday>
                  <morning>
                      
                      
                     <talk>
                        <time>
                            <start>10:00</start>
                            
                        </time>
                        
                        <details>
                             <title>Advertising state of the nation</title>
                             <description>
                                 There are few more accomplished figures in the world of advertising than Harris Diamond. In this fireside with Jim Edwards of Business Insider, he will address the underlying issues affecting advertising in 2015....
                             </description>
                        </details>
                        
                        <speaker id="1">
                            <name>Andreas Goldi</name>
                            <image>https://s3.amazonaws.com/bouncer-prod/attendees/521718/medium/521718?1444824535</image>
                            <info>CTO at pixability</info>
                            
                        </speaker>
                       
                    
                  </talk>
                   <talk>
                        <time>
                            <start>11:20</start>
                            
                        </time>
                        
                        <details>
                             <title>Advertising state of the nation</title>
                             <description>
                                 es in the world of advertising than Harris Diamond. In this fireside with Jim Edwards of Business Insider, he will address the underlying issues affecting advertising in 2015....
                             </description>
                        </details>
                        
                          <speaker>
                            <name>Jonathan Cloonan</name>
                            <image>https://www.filepicker.io/api/file/58yLXJ8QS7OkSIJhGROL</image>
                            <info>Senior Director at Group M Entertainment</info>
                            
                        </speaker>
                 </talk>
             </morning>
          
               <afternoon>  
                   <talk>
                        <time>
                            <start>11:55</start>
                                                    </time>
                        
                        <details>
                            <title>Video killed the TV ad</title>
                             <description>
                                 Video is quickly taking over. The likes of YouTube and Facebook are amongst the platforms but who are the video advertising companies driving the next wave of visual advertising and what's the ultimate ambition?
                             </description>
                        </details>
                        
                        <speaker id="1">
                            <name>Cliff Chenfeld</name>
                            <image>https://s3.amazonaws.com/bouncer-prod/attendees/517208/medium/517208?1444823456</image>
                            <info>Owner at Razor and tie</info>
                        </speaker>
                        <speaker id="2">
                            <name>Dave Fanning</name>
                            <image>https://www.filepicker.io/api/file/RIQrV05HTaqqYuDwXytj</image>
                            <info>Broadcaster at RTE</info>
                        </speaker>
                    </talk>
                </afternoon>
         </thursday>
    </marketingstage>
    
    <centrestage>
        <tuesday>
                  <morning>
                     <talk>
                            <time>
                                <start>9:55</start>
                                
                            </time>
                            
                            <details>
                                 <title>Centre Stage opening remarks</title>
                                 <description>
                                     The founder of Web Summit's welcoming remarks
                                 </description>
                            </details>
                            
                            <speaker>
                                <name>Paddy Cosgrave</name>
                                <image>https://s3.amazonaws.com/bouncer-prod/attendees/526453/medium/526453?1444482177D</image>
                                <info>CEO, Web Summitt</info>
                            </speaker>
                        
                    </talk>
                        
                     <talk>
                        <time>
                            <start>10.00</start>
                            
                        </time>
                         <details>
                             <title>Motivation on and off the field</title>
                             <description>
                                 Motivation on and off the field
                             </description>
                        </details>
                         <speaker>
                           <name>Ben Smith</name>
                            <image>https://www.filepicker.io/api/file/ZDUcTmZfSwqubJe2uvBQ</image>
                            <info>Smith</info>
                             </speaker>
                    </talk>
                      
                
                   </morning>
          
                   <afternoon>  
                   
                   <talk>
                        <time>
                            <start>12:00pm</start>
                            
                        </time>
                        
                        <details>
                             <title>Bringing VR to the masses</title>
                             <description>
                                Just how mainstream will VR become? The inventor of Oculus Rift shares his vision for the future.
                             </description>
                        </details>
                        
                        <speaker>
                            <name>Palmer Luckey</name>
                            <image>https://s3.amazonaws.com/bouncer-prod/attendees/513370/medium/513370?1444823550</image>
                            <info>Technology Correspondent, CNN Money</info>
                        </speaker>
                        
                        <speaker>
                            <name>Laurie Segall</name>
                            <image>https://www.filepicker.io/api/file/D0ls8GuQS2kwF8FmlHiT</image>
                            <info>Founder, Oculus VR</info>
                        </speaker>
           </talk>
           <talk>
                        <time>
                            <start>10.00</start>
                            
                        </time>
                         <details>
                             <title>Motivation on and off the field</title>
                             <description>
                                 Motivation on and off the field
                             </description>
                        </details>
                        <speaker>
                            <name>Matt Higgins</name>
                            <image>https://s3.amazonaws.com/bouncer-prod/attendees/513403/medium/513403?1444824022</image>
                            <info>Co-Founder and CEO and RSE Venture</info>
                        </speaker>
                        
                             </talk>
                    </afternoon>
          
         </tuesday>
         
         
         <wednesday>
                  <morning>
                     
<talk>
                        <time>
                            <start>10.00</start>
                            
                        </time>
                         <details>
                             <title>Motivation on and off the field</title>
                             <description>
                                 Motivation on and off the field
                             </description>
                        </details>
                        <speaker>
                            <name>Matt Higgins</name>
                            <image>https://s3.amazonaws.com/bouncer-prod/attendees/513403/medium/513403?1444824022</image>
                            <info>Co-Founder and CEO and RSE Venture</info>
                        </speaker>
                        
                          <speaker id="1">
                            <name>Curt Cronin</name>
                            <image>https://s3.amazonaws.com/bouncer-prod/attendees/513505/medium/513505?1444824320</image>
                            <info>Co-Founder at Mastery Techonologies</info>
                             </speaker>
                             
                             <speaker id="2">
                            <name>Ben Smith</name>
                            <image>https://www.filepicker.io/api/file/ZDUcTmZfSwqubJe2uvBQ</image>
                            <info>Smith</info>
                             </speaker>
                             </talk>                
                   </morning>
         
                   <afternoon>  
                   <talk>
                        <time>
                            <start>12:15pm</start>
                            
                        </time>
                        
                        <details>
                             <title>Why are there not more European unicorns?</title>
                             <description>
                                 This year has seen the emergence of more European unicorns but the continent still seems to lag behind other markets. Are the conditions right in Europe? Could the dynamic between investor and company be the solution?
                             </description>
                        </details>
                        
                        <speaker id="1">
                            <name>Nicolas Brusson</name>
                            <image>https://s3.amazonaws.com/bouncer-prod/attendees/513378/medium/513378?1444823668</image>
                            <info>Co-Founder, BlaBlaCar</info>
                        </speaker>
                        
                         <speaker id="2">
                            <name>Philippe Botteri</name>
                            <image>https://www.filepicker.io/api/file/QTjN8PoqThqcKlpo9T9G</image>
                            <info>Partner, Accel Partners</info>
                        </speaker>
                        
                         <speaker id="3">
                            <name>Murad Ahmed</name>
                            <image>https://www.filepicker.io/api/file/QTjN8PoqThqcKlpo9T9G</image>
                            <info>European Tech Correspondent, FinanciaTimes</info>
                        </speaker>
           </talk>
           
                    </afternoon>
          
         </wednesday>
         
          <thursday>
         
         
             
                  <morning>
                      <talk>
                           
                        <time>
                            <start>9:55</start>
                            
                        </time>
                        
                        <details>
                             <title>Centre Stage opening remarks</title>
                             <description>
                                 The founder of Web Summit's welcoming remarks
                             </description>
                        </details>
                        
                        <speaker>
                            <name>Paddy Cosgrave</name>
                            <image>https://s3.amazonaws.com/bouncer-prod/attendees/526453/medium/526453?1444482177D</image>
                            <info>CEO, Web Summitt</info>
                        </speaker>
                    </talk>
                    
                    <talk>
                        <time>
                            <start>10.00</start>
                            
                        </time>
                         <details>
                             <title>Motivation on and off the field</title>
                             <description>
                                 Motivation on and off the field
                             </description>
                        </details>
                        <speaker>
                            <name>Matt Higgins</name>
                            <image>https://s3.amazonaws.com/bouncer-prod/attendees/513403/medium/513403?1444824022</image>
                            <info>Co-Founder and CEO and RSE Venture</info>
                        </speaker>
                        
                          <speaker id="1">
                            <name>Curt Cronin</name>
                            <image>https://s3.amazonaws.com/bouncer-prod/attendees/513505/medium/513505?1444824320</image>
                            <info>Co-Founder at Mastery Techonologies</info>
                             </speaker>
                             
                             <speaker id="2">
                            <name>B en Smith</name>
                            <image>https://www.filepicker.io/api/file/ZDUcTmZfSwqubJe2uvBQ</image>
                            <info>Smith</info>
                             </speaker>
                             </talk>
                   </morning>
          
                   <afternoon>
                    <talk>  
                        <time>
                            <start>12:00pm</start>
                            
                        </time>
                        
                        <details>
                             <title>Fintech 2.0</title>
                             <description>
                                 Beyond the disruption we've seen in payments, lending and investments, what are the next trillion-dollar opportunities in financial services that are ripe for ambitious entrepreneurs and co-founders to exploit?
                             </description>
                        </details>
                        
                        <speaker>
                            <name>Victor Matarranz</name>
                            <image>https://s3.amazonaws.com/bouncer-prod/attendees/526412/medium/526412?1444823407</image>
                            <info>SVP and Head of Group Strategy, Santander</info>
                            
                        </speaker>
                    </talk>
           
                    </afternoon>
          
         </thursday>
       
        
    </centrestage>
    
   <sportstage>
          <wednesday>
                  <morning>
                      <talk>
                        <time>
                            <start>10.00</start>
                            
                        </time>
                         <details>
                             <title>Motivation on and off the field</title>
                             <description>
                                 Motivation on and off the field
                             </description>
                        </details>
                        <speaker>
                            <name>Matt Higgins</name>
                            <image>https://s3.amazonaws.com/bouncer-prod/attendees/513403/medium/513403?1444824022</image>
                            <info>Co-Founder and CEO and RSE Venture</info>
                        </speaker>
                        
                          
                     </talk>
                      <talk>
                         <time>
                            <start>10.35</start>
                            
                        </time>
                        <details>
                             <title>AR and the futre of work </title>
                             <description>
                      AR and the future of work
                             </description>
                        </details>
                        <speaker>
                            <name> Gaia Dempsey</name>
                            <image>https://s3.amazonaws.com/bouncer-prod/attendees/513481/medium/513481?1444823621</image>
                            <info>Co-Founder atDAQRI </info>
                        </speaker>
                       </talk> 
                   </morning>
                   
                <afternoon>
                    <talk>  
                        <time>
                            <start>12.20</start>
                            
                        </time>
                        
                        <details>
                             <title>All business on and off the field</title>
                             <description>
                                 All business on and off the field
                             </description>
                        </details>
                        <speaker>
                            <name>Tiki Barber</name>
                            <image>https://s3.amazonaws.com/bouncer-prod/attendees/513307/medium/513307?1444824530</image>
                            <info>Co-Founder and Chairman at Thuzio</info>
                    </speaker>
                    
                    <speaker id="1">
                            <name>Jaime Heaslip</name>
                            <image>https://s3.amazonaws.com/bouncer-prod/attendees/517828/medium/517828?1446493275</image>
                            <info>Rugby Player at Leinster Rugby</info>
                             </speaker>
                             
                    
                             
                            
                    </talk>
                    
                    </afternoon>
         </wednesday>
         
         <thursday>
                  <morning>
                      <talk>
                        <time>
                            <start>10.20</start>
                            
                        </time>
                 <details>
                             <title>Social video in the sports industry</title>
                             <description>
                        Social video in the sports industry
                             </description>
                        </details>
                        <speaker>
                            <name>Gareth Capon</name>
                            <image>https://s3.amazonaws.com/bouncer-prod/attendees/518753/medium/518753?1444823520</image>
                            <info>CEO at Grabyo</info>
                        </speaker>
                        
                          <speaker id="1">
                            <name>Nacho Trujillo</name>
                            <image>https://s3.amazonaws.com/bouncer-prod/attendees/518752/medium/518752?1444824334</image>
                            <info>Managing Director, Innovation and Global Development at La Liga</info>
                             </speaker>
                             
                             <speaker id="2">
                            <name>Alexandra Willis</name>
                            <image>https://s3.amazonaws.com/bouncer-prod/attendees/518740/medium/518740?1444823523</image>
                            <info>Head of Digital and Content at The All England Lawn Tennis Club Limited</info>
                             </speaker>
                            </talk>
                            
                             <talk>
                         <time>
                            <start>10.35</start>
                            
                        </time>
                        <details>
                             <title>AR and the futre of work </title>
                             <description>
                      AR and the future of work
                             </description>
                        </details>
                        <speaker>
                            <name> Gaia Dempsey</name>
                            <image>https://s3.amazonaws.com/bouncer-prod/attendees/513481/medium/513481?1444823621</image>
                            <info>Co-Founder atDAQRI </info>
                        </speaker>
                       </talk> 
                   </morning>
    <afternoon>  
                    <talk>
                        <time>
                            <start>2.40</start>
                            
                        </time>
                        
                        <details>
                             <title>Touch, pause, engagement</title>
                             <description> Touch, pause, engagement
                             </description>
                        </details>
                        <speaker>
                            <name>Alan Gilpin</name>
                            <image>https://www.filepicker.io/api/file/xia9FZFGRc6LnrY05Zv2</image>
                            <info>Head of the Rugby World Cup at World Rugby</info>
                    </speaker>
                    
                    <speaker id="1">
                            <name>Ruaidhri O'Connor</name>
                            <image>https://www.filepicker.io/api/file/5dd5To1NSOGFb6kKLFSj</image>
                            <info>Rugby Correspondent at Irish Independent</info>
                             </speaker>
                    </talk>
                    </afternoon>
         </thursday>

         
          </sportstage>

  <contentstage>
          <wednesday>
                  <morning>
                      
                        <talk>
                             <time>
                                <start>10.15</start>
                                
                            </time>
                            <details>
                                 <title>Content Summit Opening Remarks</title>
                                 <description>
                                     Content Summit Opening Remarks
                                 </description>
                          </details>
                            <speaker>
                                <name>Aine Kerr</name>
                                <image>https://s3.amazonaws.com/bouncer-prod/attendees/513559/medium/513559?1444824537</image>
                                <info>Managing Editor at Storyful</info>
                            </speaker>
                         </talk>
                             
                             
                    <talk>         
                        <time>
                            <start>10.20</start>
                            
                      </time>
                       <details>
                             <title>Read all about it: the future of print</title>
                             <description>
                                Read all about it: the future of print
                             </description>
                        </details>
                        <speaker>
                            <name>Tanya Cordrey</name>
                            <image></image>
                            <info>Chief Digital Officer atThe Guardian</info>
                        </speaker>
                          
                     </talk>
                  
                       
            </morning>  
            <afternoon>    
                         <talk> 
                             <time>
                            <start>11.00</start>
                            
                        </time>
                         <details>
                             <title>A new page for journalism</title>
                             <description>
                                A new page for journalism
                             </description>
                        </details>
                        <speaker>
                            <name>Matt McAllester</name>
                            <image>https://www.filepicker.io/api/file/bjpRjgorT4mU2B7tUcQv</image>
                            <info>European Editor at Newsweek Magazine</info>
                        </speaker>
                         
                      </talk>
                          <talk>
                         <time>
                            <start>10.35</start>
                            
                        </time>
                        <details>
                             <title>AR and the futre of work </title>
                             <description>
                      AR and the future of work
                             </description>
                        </details>
                        <speaker>
                            <name> Gaia Dempsey</name>
                            <image>https://s3.amazonaws.com/bouncer-prod/attendees/513481/medium/513481?1444823621</image>
                            <info>Co-Founder atDAQRI </info>
                        </speaker>
                       </talk> 
                             
                    </afternoon>   
                  </wednesday>
                
                  
              <thursday>
                  <morning>
                      
                      <talk>
                        <time>
                            <start>9.55</start>
                            
                        </time>
                        <details>
                             <title>Content Summit opening remarks </title>
                             <description>
                        Content Summit opening remarks
                                </description>
                            </details>
                        <speaker>
                            <name> Jaime Lewis</name>
                            <image>https://s3.amazonaws.com/bouncer-prod/attendees/540044/medium/540044?1445979878</image>
                            <info>Director Venture Capital Practice at KPMG </info>
                        </speaker>
                        </talk>
                        
                        <talk>
                         <time>
                            <start>10.35</start>
                            
                        </time>
                        <details>
                             <title>AR and the futre of work </title>
                             <description>
                      AR and the future of work
                             </description>
                        </details>
                        <speaker>
                            <name> Gaia Dempsey</name>
                            <image>https://s3.amazonaws.com/bouncer-prod/attendees/513481/medium/513481?1444823621</image>
                            <info>Co-Founder atDAQRI </info>
                        </speaker>
                       </talk>  
                         
                   </morning>
    <afternoon>  
                    <talk>
                        <time>
                            <start>3.05</start>
                            
                        </time>
                        
                        <details>
                             <title>The age of open content: planet earth belongs to the world</title>
                             <description>
                             </description>
                        </details>
                        <speaker>
                            <name>Scott Larson</name>
                            <image>https://s3.amazonaws.com/bouncer-prod/attendees/538596/medium/538596?1445619066</image>
                            <info>CEO at Urthecast </info>
                    </speaker>
                    </talk>
                    
                    </afternoon>
         </thursday>

                  
          </contentstage>
    
</timetable>





       
       
